{
    "cycles_program_begin": 166152286250879,
    "stat": {
        "ru_self_cgstart": {
            "ru_utime_sec": 3.5114510000000001,
            "ru_stime_sec": 0.29128999999999999,
            "ru_maxrss_kb": 219008,
            "ru_nvcsw": 1545,
            "ru_minflt": 72396,
            "ru_majflt": 1485,
            "ru_nivcsw": 11
        },
        "ru_childs_cgstart": {
            "ru_utime_sec": 0.19148100000000001,
            "ru_stime_sec": 0.11393,
            "ru_maxrss_kb": 219008,
            "ru_nvcsw": 525,
            "ru_minflt": 17332,
            "ru_majflt": 542,
            "ru_nivcsw": 3
        },
        "outputSizePerQuad": 104.87889322454771,
        "ru_childs_end": {
            "ru_utime_sec": 0.19148100000000001,
            "ru_stime_sec": 0.11592,
            "ru_maxrss_kb": 219008,
            "ru_nvcsw": 530,
            "ru_minflt": 17586,
            "ru_majflt": 547,
            "ru_nivcsw": 3
        },
        "ru_self_end": {
            "ru_utime_sec": 6.6861750000000004,
            "ru_stime_sec": 0.44412600000000002,
            "ru_maxrss_kb": 222192,
            "ru_nvcsw": 1596,
            "ru_minflt": 73686,
            "ru_majflt": 1577,
            "ru_nivcsw": 22
        },
        "cpu_cycles_cgstart": 166166243608442,
        "nMops": 591524,
        "nQuads": 197330,
        "peak_mem_kb": 390060,
        "totalObjSize": 20695752,
        "cpu_cycles_end": 166176265219397,
        "realTime": 8.0773799419403076,
        "cpu_cycles_total": 23978968518,
        "mopSpeed": 186322.96854781709,
        "CodeGen(%)": 46.159970780742739,
        "quadSpeed": 62156.584320400769,
        "mop/quad": 2.9976384736228652,
        "Frontend(%)": 53.840029219257261
    },
    "perf": [
        {
            "stat": [
                "main",
                "entry",
                0.042462825775146484,
                0.0088769999999999995,
                0.062140000000000001,
                203968,
                205140,
                0.0,
                0.0,
                1775736034.9132619,
                166152287929799
            ],
            "sub": [
                {
                    "stat": [
                        "doParsingAndDesignResolution",
                        "entry",
                        1.0990889072418213,
                        0.018787999999999999,
                        0.066116999999999995,
                        212648,
                        213448,
                        0.0,
                        0.0,
                        1775736035.969888,
                        166155419222787
                    ],
                    "sub": []
                },
                {
                    "stat": [
                        "doParsingAndDesignResolution",
                        "exit",
                        2.2454218864440918,
                        1.2452259999999999,
                        0.220216,
                        365376,
                        385456,
                        0.0,
                        0.0,
                        1775736037.116221,
                        166158826033997
                    ],
                    "sub": []
                },
                {
                    "stat": [
                        "doPostDesignResolutionToVir2Vcs",
                        "entry",
                        2.2741019725799561,
                        1.265182,
                        0.228213,
                        351360,
                        385456,
                        0.0,
                        0.0,
                        1775736037.144901,
                        166158911425292
                    ],
                    "sub": [
                        {
                            "stat": [
                                "doUptoVir2VcsNoSepCleanup",
                                "entry",
                                2.7647638320922852,
                                1.738424,
                                0.23632900000000001,
                                352192,
                                385456,
                                0.18215100000000001,
                                0.092697000000000002,
                                1775736037.6355629,
                                166160372577570
                            ],
                            "sub": []
                        },
                        {
                            "stat": [
                                "doUptoVir2VcsNoSepCleanup",
                                "exit",
                                4.4605870246887207,
                                3.33683,
                                0.26374900000000001,
                                377956,
                                385456,
                                0.18457699999999999,
                                0.096074999999999994,
                                1775736039.3313861,
                                166165431676457
                            ],
                            "sub": []
                        },
                        {
                            "stat": [
                                "doRadify_vir2vcsAll",
                                "entry",
                                4.4612088203430176,
                                3.33683,
                                0.26402999999999999,
                                377956,
                                385456,
                                0.18457699999999999,
                                0.096074999999999994,
                                1775736039.3320079,
                                166165433455285
                            ],
                            "sub": []
                        },
                        {
                            "stat": [
                                "doRadify_vir2vcsAll",
                                "exit",
                                4.6507518291473389,
                                3.495234,
                                0.291269,
                                390060,
                                390060,
                                0.18457699999999999,
                                0.096074999999999994,
                                1775736039.5215509,
                                166166000228774
                            ],
                            "sub": []
                        }
                    ]
                },
                {
                    "stat": [
                        "doPostDesignResolutionToVir2Vcs",
                        "exit",
                        4.6508979797363281,
                        3.4953699999999999,
                        0.29127999999999998,
                        390060,
                        390060,
                        0.18457699999999999,
                        0.096074999999999994,
                        1775736039.521697,
                        166166000274166
                    ],
                    "sub": []
                },
                {
                    "stat": [
                        "doGAToPass2",
                        "entry",
                        4.6509089469909668,
                        3.4953810000000001,
                        0.29128100000000001,
                        390060,
                        390060,
                        0.18457699999999999,
                        0.096074999999999994,
                        1775736039.521708,
                        166166000299560
                    ],